{
    "DESIGN_NAME": "select_wrapper",
    "VERILOG_FILES": "dir::src/*.v",
    "CHECK_UNMAPPED_CELLS":0,
    "SYNTH_ELABORATE_ONLY":1,
    "SYNTH_STRATEGY": "AREA 3",
    "QUIT_ON_ILLEGAL_OVERLAPS":"0",
    "QUIT_ON_TIMING_VIOLATIONS":"0",
    "QUIT_ON_HOLD_VIOLATIONS":"0",
    "QUIT_ON_LVS_ERROR":"0",
    "QUIT_ON_MAGIC_DRC":"0",
    "QUIT_ON_SETUP_VIOLATIONS":"0",
    "QUIT_ON_TR_DRC":"0",
    "CLOCK_PORT": "clk",
    "CLOCK_NET": "clk",
    "SYNTH_NO_FLAT": "1" , 
    "SYNTH_SHARE_RESOURCES": "0",
    "SYNTH_OPT": "1",
    "FP_PDN_CORE_RING": 1,
    "pdk::sky130*": {
        "scl::sky130_fd_sc_hd": {
            "SYNTH_MAX_FANOUT": 8,
            "PL_TARGET_DENSITY": 0.25,
            "PL_RESIZER_HOLD_SLACK_MARGIN": 0.25,
            "CLOCK_PERIOD": 25
        },
        "scl::sky130_fd_sc_hdll": {
            "SYNTH_MAX_FANOUT": 8,
            "PL_TARGET_DENSITY": 0.25,
            "CLOCK_PERIOD": 25.9
        },
        "scl::sky130_fd_sc_hs": {
            "SYNTH_MAX_FANOUT": 8,
            "PL_TARGET_DENSITY": 0.25,
            "CLOCK_PERIOD": 25.9
        },
        "scl::sky130_fd_sc_ls": {
            "SYNTH_MAX_FANOUT": 8,
            "PL_TARGET_DENSITY": 0.25,
            "CLOCK_PERIOD": 25.9
        },
        "scl::sky130_fd_sc_ms": {
            "SYNTH_MAX_FANOUT": 8,
            "PL_TARGET_DENSITY": 0.25,
            "CLOCK_PERIOD": 25.9
        }
    }
}
